image_file,pin_title,pin_description,pin_keywords,destination_url,utm_destination_url,board,target_keyword
01-copiar-pegar.png,Cómo copiar y pegar letras bonitas en 3 segundos,"Escribe tu texto, elige tu estilo favorito y cópialo con un toque. Letras bonitas para copiar y pegar en Instagram, WhatsApp, Facebook y más. Gratis y sin apps 💜 #letrasbonitas #copiarypegar #letrasparacopiar #fuentesbonitas #tipografias","letras bonitas, copiar y pegar, fuentes bonitas",https://ultratextgen.com/es/?q=Sof%C3%ADa,https://ultratextgen.com/es/?q=Sof%C3%ADa&utm_source=pinterest&utm_medium=social&utm_campaign=organic_pins&utm_content=copiar-pegar,Letras Bonitas para Copiar y Pegar ✨ Cómo Usarlas,letras bonitas para copiar y pegar (49.500/mes)
02-conversor.png,Conversor de letras bonitas: convierte tu texto al instante,Pega tu nombre o frase y mira cómo se transforma en decenas de estilos bonitos. El conversor de letras más fácil para redes sociales. 100% online y gratis ✨ #conversordeletras #letrasbonitas #generadordeletras #fuentes #copiarypegar,"conversor de letras, generador de letras, letras bonitas",https://ultratextgen.com/es/?q=Sof%C3%ADa,https://ultratextgen.com/es/?q=Sof%C3%ADa&utm_source=pinterest&utm_medium=social&utm_campaign=organic_pins&utm_content=conversor,Letras Bonitas para Copiar y Pegar ✨ Cómo Usarlas,conversor de letras bonitas (27.100/mes)
03-tipos-de-letras.png,Todos los tipos de letras bonitas en un solo lugar,"Cursiva, gótica, burbuja, negrita, aesthetic y muchas más. Un solo texto, decenas de estilos para copiar y pegar. Encuentra tu favorita 💖 #tiposdeletras #letrasbonitas #fuentesbonitas #estilosdeletra #aesthetic","tipos de letras, fuentes bonitas, estilos de letra",https://ultratextgen.com/es/,https://ultratextgen.com/es/?utm_source=pinterest&utm_medium=social&utm_campaign=organic_pins&utm_content=tipos-de-letras,Letras Bonitas para Copiar y Pegar ✨ Cómo Usarlas,tipos de letras bonitas (8.100/mes)
04-instagram.png,Letras bonitas para tu bio de Instagram,"Haz que tu perfil destaque: pon letras bonitas en tu bio, nombre y stories de Instagram. Copia y pega, sin instalar nada 📲✨ #letrasparainstagram #biodeinstagram #letrasbonitas #instagramtips #aesthetic","letras para instagram, bio de instagram, aesthetic",https://ultratextgen.com/es/?q=tu%20bio,https://ultratextgen.com/es/?q=tu%20bio&utm_source=pinterest&utm_medium=social&utm_campaign=organic_pins&utm_content=instagram,Letras Bonitas para Copiar y Pegar ✨ Cómo Usarlas,letras bonitas para instagram (5.400/mes)
05-cursiva.png,Cómo escribir en cursiva bonita (sin instalar nada),"Convierte cualquier frase en letra cursiva elegante para copiar y pegar. Perfecta para bios, títulos y dedicatorias 🖋️ #letracursiva #cursivabonita #letrasbonitas #caligrafia #copiarypegar","letra cursiva, cursiva bonita, caligrafia",https://ultratextgen.com/es/?q=Hola,https://ultratextgen.com/es/?q=Hola&utm_source=pinterest&utm_medium=social&utm_campaign=organic_pins&utm_content=cursiva,Letras Bonitas para Copiar y Pegar ✨ Cómo Usarlas,letra cursiva bonita (2.400/mes)
06-nombres.png,Tu nombre en letras bonitas para copiar,"Escribe tu nombre y conviértelo en letras bonitas al instante. Ideal para perfiles, nicks y estados 💕 #nombresbonitos #letrasbonitas #nombreenletras #copiarypegar #perfil","nombres bonitos, nombre en letras, letras bonitas",https://ultratextgen.com/es/?q=Camila,https://ultratextgen.com/es/?q=Camila&utm_source=pinterest&utm_medium=social&utm_campaign=organic_pins&utm_content=nombres,Letras Bonitas para Copiar y Pegar ✨ Cómo Usarlas,tu nombre en letras bonitas (~740/mes)
07-fuentes.png,Fuentes bonitas que SÍ funcionan en redes,Estas fuentes se copian y pegan en cualquier red sin romperse. Decora tus publicaciones con estilo en segundos ✨ #fuentesbonitas #fonts #letrasbonitas #tipografias #redessociales,"fuentes bonitas, fonts, tipografias",https://ultratextgen.com/es/?q=Estilo,https://ultratextgen.com/es/?q=Estilo&utm_source=pinterest&utm_medium=social&utm_campaign=organic_pins&utm_content=fuentes,Letras Bonitas para Copiar y Pegar ✨ Cómo Usarlas,fuentes de letras bonitas (2.900/mes)
08-titulos.png,Títulos bonitos para tus posts y apuntes,"Crea encabezados con estilo para tus publicaciones, apuntes y proyectos. Copia y pega letras para títulos bonitos 📝✨ #titulosbonitos #letrasparatitulos #apuntesbonitos #letrasbonitas #estudiar","titulos bonitos, letras para titulos, apuntes bonitos",https://ultratextgen.com/es/?q=Mi%20T%C3%ADtulo,https://ultratextgen.com/es/?q=Mi%20T%C3%ADtulo&utm_source=pinterest&utm_medium=social&utm_campaign=organic_pins&utm_content=titulos,Letras Bonitas para Copiar y Pegar ✨ Cómo Usarlas,letras para títulos bonitos (1.900/mes)
09-whatsapp.png,Letras bonitas para tus estados de WhatsApp,"Pon letras bonitas en tu estado, nombre y mensajes de WhatsApp. Copia y pega desde el celular, gratis 💚 #whatsapp #letrasbonitas #estadosdewhatsapp #copiarypegar #tips","whatsapp, estados de whatsapp, letras bonitas",https://ultratextgen.com/es/?q=Hola,https://ultratextgen.com/es/?q=Hola&utm_source=pinterest&utm_medium=social&utm_campaign=organic_pins&utm_content=whatsapp,Letras Bonitas para Copiar y Pegar ✨ Cómo Usarlas,letras bonitas para whatsapp (1.900/mes)
10-simbolos.png,Letras + símbolos bonitos para copiar y pegar,"Combina letras bonitas con símbolos y adornos para decorar tu texto. Perfecto para nicks, bios y títulos. Copia y pega ✨ #simbolos #letrasbonitas #simbolosparacopiar #decoraciondetexto #aesthetic","simbolos, simbolos para copiar, letras bonitas",https://ultratextgen.com/es/?q=Sof%C3%ADa,https://ultratextgen.com/es/?q=Sof%C3%ADa&utm_source=pinterest&utm_medium=social&utm_campaign=organic_pins&utm_content=simbolos,Letras Bonitas para Copiar y Pegar ✨ Cómo Usarlas,letras bonitas y símbolos (pos. 5 en Google)
11-free-fire.png,Nicks bonitos para Free Fire (con símbolos),Crea tu nick de Free Fire con letras y símbolos que destacan. Copia y pega tu nombre de jugador en segundos 🎮🔥 #freefire #nickfreefire #letrasparafreefire #gamer #simbolos,"free fire, nick free fire, letras para free fire",https://ultratextgen.com/es/?q=Player,https://ultratextgen.com/es/?q=Player&utm_source=pinterest&utm_medium=social&utm_campaign=organic_pins&utm_content=free-fire,Letras Bonitas para Copiar y Pegar ✨ Cómo Usarlas,letras bonitas para free fire (720/mes)
12-facebook.png,Cómo escribir con letras bonitas en Facebook,Destaca en tus publicaciones y comentarios de Facebook con letras bonitas para copiar y pegar. Fácil y gratis 💙 #facebook #letrasbonitas #copiarypegar #redessociales #tips,"facebook, letras bonitas, copiar y pegar",https://ultratextgen.com/es/?q=Hola,https://ultratextgen.com/es/?q=Hola&utm_source=pinterest&utm_medium=social&utm_campaign=organic_pins&utm_content=facebook,Letras Bonitas para Copiar y Pegar ✨ Cómo Usarlas,letras bonitas para facebook (1.300/mes)
13-aesthetic.png,Letras aesthetic para copiar y pegar,Texto aesthetic con estilo suave y símbolos bonitos para tus redes. Dale un toque único a tu perfil. Copia y pega ✨ #aesthetic #letrasaesthetic #letrasbonitas #aestheticfonts #copiarypegar,"aesthetic, letras aesthetic, aesthetic fonts",https://ultratextgen.com/es/?q=vibes,https://ultratextgen.com/es/?q=vibes&utm_source=pinterest&utm_medium=social&utm_campaign=organic_pins&utm_content=aesthetic,Letras Bonitas para Copiar y Pegar ✨ Cómo Usarlas,cluster aesthetic / otros idiomas (top GSC)
14-mayusculas.png,Letras MAYÚSCULAS bonitas para títulos,Convierte tus títulos en mayúsculas con estilo para que resalten. Copia y pega letras grandes y bonitas 🔠✨ #mayusculas #letrasbonitas #titulos #letrasgrandes #copiarypegar,"mayusculas, letras grandes, titulos",https://ultratextgen.com/es/?q=T%C3%8DTULO,https://ultratextgen.com/es/?q=T%C3%8DTULO&utm_source=pinterest&utm_medium=social&utm_campaign=organic_pins&utm_content=mayusculas,Letras Bonitas para Copiar y Pegar ✨ Cómo Usarlas,letras mayúsculas bonitas (590/mes)
15-goticas.png,Letras góticas para copiar y pegar,"Estilo oscuro y elegante: convierte tu texto en letras góticas para nicks, bios y publicaciones 🖤 #letrasgoticas #gotico #letrasbonitas #dark #copiarypegar","letras goticas, gotico, dark",https://ultratextgen.com/es/?q=Oscuro,https://ultratextgen.com/es/?q=Oscuro&utm_source=pinterest&utm_medium=social&utm_campaign=organic_pins&utm_content=goticas,Letras Bonitas para Copiar y Pegar ✨ Cómo Usarlas,letras góticas para copiar y pegar
16-abecedario.png,"El abecedario en letras bonitas (no las dibujes, cópialas)",¿No sabes dibujarlas? Genera el abecedario completo en letras bonitas y cópialo listo de la A a la Z 🔤✨ #abecedario #letrasbonitas #abecedariobonito #copiarypegar #letras,"abecedario, abecedario bonito, letras bonitas",https://ultratextgen.com/es/?q=ABCDE,https://ultratextgen.com/es/?q=ABCDE&utm_source=pinterest&utm_medium=social&utm_campaign=organic_pins&utm_content=abecedario,Letras Bonitas para Copiar y Pegar ✨ Cómo Usarlas,abecedario letras bonitas (12.100/mes)
17-word.png,Títulos bonitos en Word: copia y pega con estilo,Crea títulos llamativos para tus documentos de Word. Genera la letra bonita aquí y pégala directo en tu trabajo 📄✨ #word #titulosbonitos #letrasbonitas #documentos #copiarypegar,"word, titulos bonitos, documentos",https://ultratextgen.com/es/?q=T%C3%ADtulo,https://ultratextgen.com/es/?q=T%C3%ADtulo&utm_source=pinterest&utm_medium=social&utm_campaign=organic_pins&utm_content=word,Letras Bonitas para Copiar y Pegar ✨ Cómo Usarlas,títulos bonitos en Word (pos. 9 en Google)
18-sin-dibujar.png,Cómo hacer letras bonitas sin dibujar (en el celular),"Olvídate de dibujarlas a mano: escribe, elige el estilo y copia. Así de fácil se hacen letras bonitas desde el celular 📲✨ #comohacerletrasbonitas #letrasbonitas #tutorial #copiarypegar #tips","como hacer letras bonitas, tutorial, letras bonitas",https://ultratextgen.com/es/?q=Hola,https://ultratextgen.com/es/?q=Hola&utm_source=pinterest&utm_medium=social&utm_campaign=organic_pins&utm_content=sin-dibujar,Letras Bonitas para Copiar y Pegar ✨ Cómo Usarlas,como hacer letras bonitas (2.900/mes)
19-tiktok-x.png,Nicks bonitos para TikTok y X (Twitter),Haz que tu nombre de usuario destaque en TikTok y X con letras bonitas para copiar y pegar. Personaliza tu perfil ✨ #tiktok #twitter #nickbonito #letrasbonitas #perfil,"tiktok, twitter, nick bonito",https://ultratextgen.com/es/?q=usuario,https://ultratextgen.com/es/?q=usuario&utm_source=pinterest&utm_medium=social&utm_campaign=organic_pins&utm_content=tiktok-x,Letras Bonitas para Copiar y Pegar ✨ Cómo Usarlas,cluster nicks TikTok / X
20-tachado.png,Letras tachadas y subrayadas para copiar y pegar,"Tacha o subraya tu texto con un solo toque para resaltar precios, listas o frases. Copia y pega donde quieras ✏️ #textotachado #subrayado #letrasbonitas #copiarypegar #tips","texto tachado, subrayado, letras bonitas",https://ultratextgen.com/es/?q=texto,https://ultratextgen.com/es/?q=texto&utm_source=pinterest&utm_medium=social&utm_campaign=organic_pins&utm_content=tachado,Letras Bonitas para Copiar y Pegar ✨ Cómo Usarlas,cluster texto tachado / subrayado
21-feliz-cumpleanos.png,Letras bonitas para Feliz Cumpleaños,"Felicita con estilo: convierte «Feliz Cumpleaños» en letras bonitas para copiar y pegar en tu tarjeta, story o mensaje 🎉✨ #felizcumpleanos #cumpleanos #letrasbonitas #felicitaciones #copiarypegar","feliz cumpleanos, cumpleanos, letras bonitas",https://ultratextgen.com/es/?q=Feliz%20Cumplea%C3%B1os,https://ultratextgen.com/es/?q=Feliz%20Cumplea%C3%B1os&utm_source=pinterest&utm_medium=social&utm_campaign=organic_pins&utm_content=feliz-cumpleanos,Letras Bonitas para Copiar y Pegar ✨ Cómo Usarlas,feliz cumpleaños letras bonitas (2.900/mes)
22-feliz-cumple-amor.png,Feliz Cumpleaños mi amor en letras bonitas,Sorprende a tu pareja: «Feliz Cumpleaños mi amor» en letras bonitas con corazón para copiar y pegar 💕 #felizcumpleanosmiamor #amor #letrasbonitas #parejas #copiarypegar,"feliz cumpleanos mi amor, amor, letras bonitas",https://ultratextgen.com/es/?q=Feliz%20Cumplea%C3%B1os%20mi%20amor,https://ultratextgen.com/es/?q=Feliz%20Cumplea%C3%B1os%20mi%20amor&utm_source=pinterest&utm_medium=social&utm_campaign=organic_pins&utm_content=feliz-cumple-amor,Letras Bonitas para Copiar y Pegar ✨ Cómo Usarlas,feliz cumpleaños mi amor letras bonitas (1.000/mes)
23-feliz-navidad.png,Letras bonitas para Feliz Navidad,"Decora tus mensajes navideños: «Feliz Navidad» en letras bonitas para copiar y pegar en stories, tarjetas y estados 🎄✨ #feliznavidad #navidad #letrasbonitas #navidad2026 #copiarypegar","feliz navidad, navidad, letras bonitas",https://ultratextgen.com/es/?q=Feliz%20Navidad,https://ultratextgen.com/es/?q=Feliz%20Navidad&utm_source=pinterest&utm_medium=social&utm_campaign=organic_pins&utm_content=feliz-navidad,Letras Bonitas para Copiar y Pegar ✨ Cómo Usarlas,feliz navidad letras bonitas (1.600/mes)
24-ano-nuevo.png,Letras bonitas para Feliz Año Nuevo,Recibe el año con estilo: «Feliz Año Nuevo» en letras bonitas para copiar y pegar en tus felicitaciones 🎆✨ #felizanonuevo #anonuevo #letrasbonitas #2027 #copiarypegar,"feliz ano nuevo, ano nuevo, letras bonitas",https://ultratextgen.com/es/?q=Feliz%20A%C3%B1o%20Nuevo,https://ultratextgen.com/es/?q=Feliz%20A%C3%B1o%20Nuevo&utm_source=pinterest&utm_medium=social&utm_campaign=organic_pins&utm_content=ano-nuevo,Letras Bonitas para Copiar y Pegar ✨ Cómo Usarlas,feliz año nuevo letras bonitas (seasonal)
25-te-amo.png,Cómo escribir «Te amo» en letras bonitas,Dile lo que sientes con estilo: «Te amo» en letras bonitas con corazón para copiar y pegar 💗 #teamo #amor #letrasbonitas #frasesdeamor #copiarypegar,"te amo, amor, frases de amor",https://ultratextgen.com/es/?q=Te%20amo,https://ultratextgen.com/es/?q=Te%20amo&utm_source=pinterest&utm_medium=social&utm_campaign=organic_pins&utm_content=te-amo,Letras Bonitas para Copiar y Pegar ✨ Cómo Usarlas,te amo letras bonitas (390/mes)
26-frases-bonitas.png,Frases con letras bonitas para copiar y pegar,"Convierte tus frases favoritas en letras bonitas para tu bio, estados y publicaciones. Copia y pega en segundos ✨ #frasesbonitas #letrasbonitas #frases #estados #copiarypegar","frases bonitas, frases, estados",https://ultratextgen.com/es/?q=Te%20quiero,https://ultratextgen.com/es/?q=Te%20quiero&utm_source=pinterest&utm_medium=social&utm_campaign=organic_pins&utm_content=frases-bonitas,Letras Bonitas para Copiar y Pegar ✨ Cómo Usarlas,frases con letras bonitas (260/mes)
27-nombre-angel.png,El nombre Ángel en letras bonitas,"¿Te llamas Ángel? Convierte tu nombre en letras bonitas para tu perfil, nick o estado. Copia y pega ✨ #angel #nombresbonitos #letrasbonitas #nombreenletras #copiarypegar","nombre angel, nombres bonitos, letras bonitas",https://ultratextgen.com/es/?q=%C3%81ngel,https://ultratextgen.com/es/?q=%C3%81ngel&utm_source=pinterest&utm_medium=social&utm_campaign=organic_pins&utm_content=nombre-angel,Letras Bonitas para Copiar y Pegar ✨ Cómo Usarlas,nombre de ángel en letras bonitas (480/mes)
28-nombre-dulce.png,El nombre Dulce en letras bonitas,"Convierte el nombre Dulce en letras bonitas para tu perfil, nick o estado. Copia y pega en segundos 💕 #dulce #nombresbonitos #letrasbonitas #nombreenletras #copiarypegar","nombre dulce, nombres bonitos, letras bonitas",https://ultratextgen.com/es/?q=Dulce,https://ultratextgen.com/es/?q=Dulce&utm_source=pinterest&utm_medium=social&utm_campaign=organic_pins&utm_content=nombre-dulce,Letras Bonitas para Copiar y Pegar ✨ Cómo Usarlas,nombre dulce en letras bonitas (260/mes)
29-nombres-populares.png,Tu nombre favorito en letras bonitas,"Camila, Mateo, Isabella, José... escribe cualquier nombre y convíertelo en letras bonitas para copiar y pegar ✨ #nombresbonitos #letrasbonitas #nombreenletras #copiarypegar #perfil","nombres bonitos, nombre en letras, letras bonitas",https://ultratextgen.com/es/?q=tu%20nombre,https://ultratextgen.com/es/?q=tu%20nombre&utm_source=pinterest&utm_medium=social&utm_campaign=organic_pins&utm_content=nombres-populares,Letras Bonitas para Copiar y Pegar ✨ Cómo Usarlas,nombre [x] en letras bonitas (cluster long-tail)
30-letras-decoradas.png,Letras decoradas con corazones y flores,"Añade corazones, flores y símbolos a tu texto para decorarlo. Letras bonitas decoradas para copiar y pegar en tus redes 🌸💕 #letrasdecoradas #letrasbonitas #corazones #flores #copiarypegar","letras decoradas, corazones, flores",https://ultratextgen.com/es/?q=amor,https://ultratextgen.com/es/?q=amor&utm_source=pinterest&utm_medium=social&utm_campaign=organic_pins&utm_content=letras-decoradas,Letras Bonitas para Copiar y Pegar ✨ Cómo Usarlas,letras bonitas decoradas con corazones y flores
