Top pages,Clicks,Impressions,CTR,Position
https://ultratextgen.com/answers/change-font-size-on-facebook/,3,171,1.75%,9.42
https://ultratextgen.com/answers/what-is-a-tiktok-handle/,2,426,0.47%,6.51
https://ultratextgen.com/answers/what-font-does-snapchat-use/,2,106,1.89%,5.86
https://ultratextgen.com/answers/what-font-does-discord-use/,1,356,0.28%,6.41
https://ultratextgen.com/answers/how-to-change-roblox-username/,1,119,0.84%,10.36
https://ultratextgen.com/answers/discord-allowed-characters/,0,2929,0%,7.81
https://ultratextgen.com/answers/do-you-need-nitro-for-discord-fonts/,0,1530,0%,7.32
https://ultratextgen.com/answers/what-font-does-facebook-use/,0,311,0%,7.3
https://ultratextgen.com/answers/what-font-does-linkedin-use/,0,50,0%,4.3
https://ultratextgen.com/answers/how-to-change-tiktok-username/,0,4,0%,10.75