Top queries,Clicks,Impressions,CTR,Position
discord display name allowed characters unicode,0,270,0%,6.56
discord server nickname allowed characters unicode,0,163,0%,9.92
discord username allowed characters unicode 2025 2026,0,98,0%,6.23
discord nitro required for special fonts unicode text,0,81,0%,10.3
discord nitro required for fonts unicode text,0,73,0%,9.22
discord server name allowed characters unicode,0,69,0%,7.77
discord channel name allowed characters unicode blackletter,0,48,0%,6.04
discord nitro required for special fonts unicode,0,46,0%,9.24
discord username allowed characters unicode letters 2025 2026,0,45,0%,11.13
discord nitro required for fonts unicode characters,0,44,0%,4.14
discord nitro required for special fonts unicode characters,0,41,0%,7.27
what font does discord use,0,39,0%,7.28
discord nitro required for custom fonts unicode text,0,35,0%,10.11
discord nitro required for custom fonts or unicode text,0,31,0%,10.35
tiktok handle meaning,0,27,0%,5.96
discord nitro required for fonts unicode,0,27,0%,7.22
discord channel name allowed characters unicode restrictions,0,22,0%,7.23
does discord nitro required for custom fonts unicode text,0,22,0%,9.73
discord display name allowed characters unicode 2026,0,19,0%,10.42
discord nitro required for custom fonts unicode characters,0,19,0%,10.42
discord channel name mathematical fraktur letters allowed,0,18,0%,11.5
discord nitro required for custom fonts or unicode characters,0,17,0%,9.94
tiktok handle,0,16,0%,7.88
discord nitro required for custom fonts unicode,0,16,0%,9.94
discord server name character limit unicode allowed,0,15,0%,5.53
discord nitro required for unicode fonts,0,15,0%,6.47
what is a tiktok handle,0,14,0%,6
discord channel names allowed characters unicode blackletter,0,13,0%,7.46
discord server name character limit allowed characters unicode,0,13,0%,7.92
does discord nitro required for special fonts unicode text,0,13,0%,8.54
discord username allowed characters unicode blackletter,0,12,0%,5.25
discord nitro required for unicode fonts in messages,0,12,0%,8.33
does discord nitro required for custom fonts unicode characters,0,12,0%,8.33
discord text channel name allowed characters lowercase hyphen,0,12,0%,9.5
discord display name unicode characters allowed,0,12,0%,10.17
discord nitro required for fonts unicode characters messages,0,11,0%,3.18
discord server name allowed characters unicode restrictions,0,11,0%,4.18
discord api nickname field allowed characters unicode,0,11,0%,4.91
discord username allowed characters unicode 2025,0,11,0%,10.73
discord username rules allowed characters unicode 2026,0,10,0%,3.8
discord about me field unicode characters allowed,0,10,0%,4.3
discord channel name allowed characters unicode letters blackletter,0,10,0%,8
discord role name unicode characters allowed,0,10,0%,8.4
discord server name allowed characters @ # : blocked,0,10,0%,8.7
does discord require nitro to use different fonts unicode characters,0,10,0%,8.8
discord channel name allowed characters unicode letters 2026,0,10,0%,9.8
discord channel name mathematical fraktur characters allowed,0,9,0%,4.33
discord unicode characters work without nitro fancy text,0,9,0%,4.67
discord role name allowed characters unicode,0,9,0%,8.89
discord support display name allowed characters unicode,0,8,0%,4.5
discord role name character limit unicode allowed,0,8,0%,4.88
does discord nitro required for special fonts unicode characters,0,8,0%,5.12
discord server name allowed characters unicode symbols,0,8,0%,5.25
does discord require nitro to use special unicode fonts in messages,0,8,0%,7.38
discord nitro required for unicode text fonts,0,8,0%,8.12
discord usernames allowed characters unicode 2025 2026,0,8,0%,8.62
discord nitro required for special text fonts unicode,0,8,0%,9
discord text channel name restrictions lowercase hyphen unicode,0,8,0%,9.25
"discord nitro required for unicode fancy text blackletter characters in 
messages",0,7,0%,3.14
discord username rules allowed characters unicode 2025 2026,0,7,0%,3.86
does discord nitro affect ability to use unicode fonts in messages,0,7,0%,4.43
discord role name character limit 100 unicode allowed,0,7,0%,5.29
discord nitro required for special unicode fonts in messages,0,7,0%,7.57
discord nitro fonts feature unicode text works without nitro,0,7,0%,7.71
discord display name allowed characters unicode support,0,7,0%,7.86
discord channel name restrictions unicode letters allowed,0,7,0%,8.86
discord channel name allowed characters unicode letters 2025 2026,0,7,0%,9
does discord nitro required for custom fonts or unicode text,0,7,0%,9.57
discord channel name restrictions lowercase letters numbers hyphens unicode,0,7,0%,10.57
discord text channel name allowed characters a-z 0-9 hyphen,0,7,0%,11.14
does discord require nitro for custom fonts or unicode text,0,7,0%,11.43
discord nitro required for fonts unicode characters in messages,0,6,0%,3.33
discord server name allowed characters unicode support,0,6,0%,3.83
discord channel name allowed characters unicode fraktur,0,6,0%,5.33
"discord channel name restrictions allowed characters lowercase hyphen 
unicode",0,6,0%,5.67
discord support channel name restrictions allowed characters,0,6,0%,7
discord nitro required for fonts or unicode text,0,6,0%,7.67
what is a tiktok handle mean,0,6,0%,8.33
discord nitro fonts unicode characters work without nitro,0,6,0%,9.83
discord text channel name allowed characters unicode letters,0,6,0%,10.17
discord channel name allowed characters unicode letters allowed,0,6,0%,10.5
"discord channel name allowed characters lowercase letters numbers hyphen 
unicode",0,6,0%,11.67
"discord channel name allowed characters lowercase letters numbers hyphens 
unicode",0,6,0%,11.67
discord username rules allowed characters 2026 unicode,0,5,0%,3.6
discord server name character limit 100 unicode allowed,0,5,0%,4
discord about me field supports unicode characters,0,5,0%,4.2
discord server name allowed characters unicode @ # : blocked,0,5,0%,6.4
discord username requirements allowed characters unicode 2025 2026,0,5,0%,6.4
discord username character requirements allowed characters unicode 2026,0,5,0%,6.6
what is a tik tok handle,0,5,0%,6.6
discord server nickname character limit unicode allowed,0,5,0%,7
discord channel name allowed characters lowercase hyphen unicode,0,5,0%,7.2
discord text channel name allowed characters lowercase hyphen unicode,0,5,0%,7.2
discord nickname character limit unicode allowed,0,5,0%,8
discord username character requirements allowed characters unicode 2025 2026,0,5,0%,8.4
discord server name unicode characters allowed,0,5,0%,10.4
"discord display name allowed characters unicode blackletter mathematical 
fraktur",0,4,0%,3
discord about me field allowed characters unicode,0,4,0%,3.25
does discord nitro affect fonts unicode characters,0,4,0%,3.25
discord username display name allowed characters unicode,0,4,0%,3.75
discord nitro required for special unicode fonts,0,4,0%,5
does discord support unicode mathematical fraktur characters without nitro,0,4,0%,5
does discord nitro required for special unicode fonts text,0,4,0%,5.5
discord nitro does not affect text fonts unicode,0,4,0%,6.25
discord about me section unicode characters allowed,0,4,0%,7
does discord nitro required for special unicode fonts in messages,0,4,0%,7.25
what is the discord font,0,4,0%,7.25
discord channel name fraktur characters allowed,0,4,0%,7.75
does discord nitro affect ability to use special unicode fonts in messages,0,4,0%,7.75
what is tiktok handle,0,4,0%,7.75
does discord require nitro to use special fonts unicode characters,0,4,0%,9
discord channel name restrictions allowed characters lowercase unicode,0,4,0%,10.25
does discord nitro affect fonts or unicode text,0,4,0%,10.5
discord channel name allowed characters lowercase hyphen only,0,4,0%,10.75
discord nitro required for custom fonts text unicode,0,4,0%,10.75
discord support channel name rules allowed characters,0,4,0%,10.75
does discord nitro affect fonts unicode text,0,4,0%,10.75
discord bio about me character limit unicode allowed,0,4,0%,11
discord server name character restrictions unicode allowed,0,3,0%,1
discord nitro required for unicode text characters blackletter,0,3,0%,1.67
discord about me field unicode characters supported,0,3,0%,2
discord unicode mathematical fraktur letters work without nitro,0,3,0%,2
discord display name allowed characters unicode blackletter,0,3,0%,3.67
discord nitro required for unicode font characters in messages,0,3,0%,4.67
discord nitro required for unicode fonts messages,0,3,0%,5
discord support unicode mathematical fraktur characters without nitro,0,3,0%,5
discord username character restrictions unicode letters allowed 2025 2026,0,3,0%,5
"discord nitro required for custom fonts unicode characters work without 
nitro",0,3,0%,5.67
discord username allowed characters unicode blackletter 2025 2026,0,3,0%,6
discord nickname unicode allowed characters,0,3,0%,6.67
what font does discord use for text,0,3,0%,6.67
discord api channel name restrictions allowed characters,0,3,0%,7
discord username allowed characters unicode blackletter b,0,3,0%,7
whats a tiktok handle,0,3,0%,7
discord nitro required for fonts unicode text messages,0,3,0%,7.33
what font does discord use for messages,0,3,0%,7.33
what is tiktok handle mean,0,3,0%,7.67
discord username display name allowed characters unicode blackletter,0,3,0%,8
discord unicode characters work without nitro custom fonts,0,3,0%,8.33
discord username allowed characters unicode letters 2026,0,3,0%,8.33
discord nitro required for special fonts unicode text messages,0,3,0%,9
discord nitro required for special unicode text fonts,0,3,0%,9
discord channel name allowed characters unicode letters numbers hyphen,0,3,0%,9.33
discord custom status text allowed characters unicode,0,3,0%,9.67
discord nitro required to use unicode fonts in messages,0,3,0%,10.33
handle tiktok,0,3,0%,10.33
"discord api channel name restrictions lowercase letters numbers hyphen 
unicode",0,3,0%,10.67
"discord text channel name allowed characters lowercase letters numbers 
hyphen unicode",0,3,0%,10.67
does discord require nitro to use custom fonts unicode characters,0,3,0%,10.67
discord nickname unicode characters allowed,0,3,0%,11
discord nitro required for custom fonts unicode characters display,0,3,0%,11
discord server names allowed characters unicode,0,3,0%,11
discord support nickname allowed characters unicode,0,3,0%,11.33
does discord require nitro for custom fonts unicode characters,0,3,0%,11.33
discord character limit,0,3,0%,35
what font does snapchat use,0,2,0%,1
"discord supports unicode mathematical fraktur characters display without 
nitro",0,2,0%,1.5
discord channel name allowed characters restrictions unicode,0,2,0%,2
discord channel name mathematical fraktur allowed,0,2,0%,5
discord display name unicode characters allowed restrictions,0,2,0%,5
discord font,0,2,0%,5
what does tiktok handle mean,0,2,0%,5
discord display name allowed characters unicode 2025 2026,0,2,0%,5.5
discord unicode characters work without nitro blackletter text,0,2,0%,5.5
does discord nitro required for special fonts unicode,0,2,0%,5.5
discord channel name character restrictions unicode allowed,0,2,0%,6
discord nickname unicode characters allowed restrictions,0,2,0%,6
discord nitro required for fonts in messages unicode,0,2,0%,6
discord usernames allowed characters unicode 2026,0,2,0%,6
what font is discord text,0,2,0%,6
what's your tiktok handle,0,2,0%,6
discord api channel name restrictions allowed characters regex,0,2,0%,6.5
discord nitro required for special fonts unicode characters in messages,0,2,0%,6.5
snapchat font,0,2,0%,6.5
discord nitro required for fonts or special text unicode,0,2,0%,7
discord nitro required for unicode text,0,2,0%,7
discord nitro required for unicode text fonts messages,0,2,0%,7
meaning of tiktok handle,0,2,0%,7
discord channel name fraktur unicode allowed,0,2,0%,7.5
discord username allowed characters unicode display name,0,2,0%,7.5
discord about me field special characters unicode allowed,0,2,0%,8
discord channel name requirements lowercase hyphen unicode,0,2,0%,8
discord channel name restrictions unicode characters allowed,0,2,0%,8
discord nickname allowed characters unicode,0,2,0%,8
discord nickname character limit allowed characters unicode,0,2,0%,8
discord support server nickname restrictions characters,0,2,0%,8
discord username allowed characters unicode 2024 2025,0,2,0%,8
discord username allowed characters unicode 2026,0,2,0%,8
what is discord font,0,2,0%,8
what is your tiktok handle meaning,0,2,0%,8
what's tiktok handle,0,2,0%,8
discord channel name allowed characters unicode 2026,0,2,0%,8.5
what font is discord in,0,2,0%,8.5
discord channel name allowed unicode characters restrictions,0,2,0%,9
discord nitro required for unicode text fonts in messages,0,2,0%,9
discord text channel name requirements lowercase hyphen unicode,0,2,0%,9
does discord require nitro to use unicode fonts in messages,0,2,0%,9
what is your tiktok handle,0,2,0%,9
discord channel name allowed unicode letters \p{l},0,2,0%,9.5
discord display name allowed characters unicode symbols,0,2,0%,9.5
discord nitro fonts feature unicode characters work without nitro,0,2,0%,9.5
discord api nickname field restrictions unicode,0,2,0%,10
discord channel name allowed characters unicode support,0,2,0%,10
discord channel names allowed characters unicode 2026,0,2,0%,10
discord server name unicode allowed characters,0,2,0%,10
whats discord font,0,2,0%,10
discord channel name allowed characters regex,0,2,0%,10.5
discord support display name unicode characters allowed,0,2,0%,10.5
discord channel name allowed characters letters numbers hyphen unicode,0,2,0%,11
discord channel name restrictions allowed characters official,0,2,0%,11
discord channel name restrictions lowercase letters numbers hyphen unicode,0,2,0%,11
discord nickname allowed characters unicode support,0,2,0%,11.5
discord nitro required for using unicode fancy text in messages,0,2,0%,11.5
discord nitro required to use unicode fancy text in messages,0,2,0%,11.5
does discord require nitro to use unicode fancy text in messages,0,2,0%,11.5
"discord channel name restrictions allowed characters lowercase letters 
numbers hyphen unicode",0,2,0%,12
samsung snapchat font,0,2,0%,17
discord bios about me unicode characters allowed,0,1,0%,1
discord username requirements allowed characters unicode 2025,0,1,0%,1
discord nitro does not change fonts unicode,0,1,0%,2
discord nitro required for special fonts unicode characters messages,0,1,0%,2
"discord supports unicode mathematical fraktur characters in messages 
without nitro",0,1,0%,2
discord supports unicode mathematical fraktur letters display without nitro,0,1,0%,2
discord ui font,0,1,0%,2
discord unicode characters blackletter work without nitro,0,1,0%,2
snapchat font style name,0,1,0%,2
whats a tik tok handle,0,1,0%,2
discord username rules unicode characters allowed 2025 2026,0,1,0%,3
discord nitro required for unicode fancy text,0,1,0%,4
discord username character restrictions 2025 2026 unicode,0,1,0%,4
discord username display name allowed characters unicode 2025,0,1,0%,4
discord username requirements unicode characters allowed 2025 2026,0,1,0%,4
discord username rules allowed characters 2025 2026 unicode,0,1,0%,4
font namer,0,1,0%,4
discord api channel name restrictions allowed characters unicode,0,1,0%,5
discord role name restrictions allowed characters,0,1,0%,5
discord username character requirements unicode allowed 2026,0,1,0%,5
what's your tiktok handle meaning,0,1,0%,5
discord channel name unicode fraktur allowed,0,1,0%,6
discord display name server nickname unicode characters allowed,0,1,0%,6
discord display name unicode characters allowed blackletter,0,1,0%,6
discord text channel naming rules allowed characters,0,1,0%,6
discord thread name allowed characters unicode,0,1,0%,6
discord username character requirements unicode letters allowed 2025 2026,0,1,0%,6
discord can you use unicode fancy text without nitro,0,1,0%,7
discord channel name restrictions allowed characters unicode,0,1,0%,7
discord channel name restrictions allowed characters unicode letters,0,1,0%,7
discord channel names allowed characters unicode fraktur,0,1,0%,7
discord display name nickname unicode characters allowed,0,1,0%,7
discord display name unicode allowed characters,0,1,0%,7
discord nitro required for fancy text unicode characters,0,1,0%,7
discord nitro required for special fonts unicode text in messages,0,1,0%,7
discord role name allowed characters,0,1,0%,7
discord role name allowed characters unicode official,0,1,0%,7
discord server nickname allowed characters unicode restrictions,0,1,0%,7
discord supports unicode characters in messages without nitro font,0,1,0%,7
discord username character requirements unicode allowed 2025 2026,0,1,0%,7
how much robux does it cost to change your username,0,1,0%,7
what is the font discord uses,0,1,0%,7
what is the tiktok handle,0,1,0%,7
discord channel name allowed characters unicode hyphen lowercase,0,1,0%,8
discord display name allowed characters unicode 32 characters,0,1,0%,8
discord display names unicode characters allowed,0,1,0%,8
discord nitro fonts unicode text works without nitro,0,1,0%,8
discord nitro required for custom fonts unicode characters messages,0,1,0%,8
discord support article channel names allowed characters,0,1,0%,8
discord text channel name allowed characters unicode,0,1,0%,8
discord username character restrictions unicode letters allowed,0,1,0%,8
discord username requirements allowed characters 2026,0,1,0%,8
discord username rules allowed characters unicode 2025,0,1,0%,8
font discord uses,0,1,0%,8
what is discords font,0,1,0%,8
discord api channel name restrictions regex unicode,0,1,0%,9
discord api nickname field unicode allowed,0,1,0%,9
discord channel name character restrictions unicode letters allowed,0,1,0%,9
discord channel name unicode letters allowed,0,1,0%,9
discord channel names allowed characters unicode support,0,1,0%,9
discord nickname unicode allowed,0,1,0%,9
discord nitro required for special fonts,0,1,0%,9
discord role name allowed unicode characters,0,1,0%,9
discord role name restrictions special characters,0,1,0%,9
discord username allowed characters,0,1,0%,9
discord username allowed characters 2025 2026 unicode,0,1,0%,9
discord username allowed characters unicode letters restrictions 2025 2026,0,1,0%,9
discord username rules allowed characters unicode letters 2025 2026,0,1,0%,9
does discord require nitro for special fonts unicode characters,0,1,0%,9
does discord require nitro to use custom fonts or unicode text,0,1,0%,9
how much does it cost to change roblox username,0,1,0%,9
can you use fancy unicode fonts in discord without nitro,0,1,0%,10
discord can you use unicode fancy text in messages without nitro,0,1,0%,10
discord channel name regex allowed characters,0,1,0%,10
discord channel name requirements lowercase letters numbers hyphen unicode,0,1,0%,10
discord characters,0,1,0%,10
discord custom status unicode characters allowed,0,1,0%,10
discord display name allowed characters unicode 2025,0,1,0%,10
discord nickname allowed characters unicode limitations,0,1,0%,10
discord nickname character restrictions unicode,0,1,0%,10
discord nickname restrictions 32 characters unicode,0,1,0%,10
discord nitro does not affect text fonts unicode characters,0,1,0%,10
discord nitro required for fonts text formatting unicode,0,1,0%,10
discord nitro what does it include fonts,0,1,0%,10
discord server name allowed characters unicode official,0,1,0%,10
discord server name allowed unicode characters,0,1,0%,10
discord server name unicode allowed,0,1,0%,10
discord server nickname unicode characters allowed,0,1,0%,10
discord support server name character limit unicode,0,1,0%,10
how many robux to change username,0,1,0%,10
tiktok handle or username,0,1,0%,10
what font is the discord text,0,1,0%,10
"""you can only change your tiktok username once every 30 days""",0,1,0%,11
discord api channel name restrictions regex lowercase unicode,0,1,0%,11
discord api role name restrictions characters,0,1,0%,11
discord display name allowed characters unicode restrictions,0,1,0%,11
discord display name unicode characters allowed without nitro,0,1,0%,11
discord fancy text unicode characters work without nitro,0,1,0%,11
discord nitro features list does it include fonts,0,1,0%,11
discord nitro fonts feature unicode,0,1,0%,11
discord nitro required for custom fonts unicode characters blackletter,0,1,0%,11
discord profile bio character limit unicode allowed,0,1,0%,11
discord role name restrictions unicode characters,0,1,0%,11
discord server nickname allowed characters special characters unicode,0,1,0%,11
discord server nickname special characters allowed,0,1,0%,11
discord support server name restrictions characters,0,1,0%,11
discord username allowed characters unicode,0,1,0%,11
discord username requirements allowed characters 2026 unicode,0,1,0%,11
discord username requirements allowed characters unicode 2026,0,1,0%,11
does discord require nitro for special fonts unicode,0,1,0%,11
does discord require nitro to use custom fonts unicode text,0,1,0%,11
roblox username change 1000 robux official help display name 7 days,0,1,0%,11
whats the discord font,0,1,0%,11
discord nitro required for unicode text fonts copy paste,0,1,0%,12
discord supports unicode characters in messages without nitro fonts,0,1,0%,12
does discord nitro affect ability to send unicode text characters,0,1,0%,12
does discord require nitro for custom fonts or unicode characters,0,1,0%,12
tiktok handles,0,1,0%,18
discord nickname character limit,0,1,0%,32
can you change your roblox username,0,1,0%,33
how much robux to change name,0,1,0%,33
how to change roblox username,0,1,0%,33
how to change your username on roblox,0,1,0%,43