Title,Media URL,Pinterest board,Thumbnail,Description,Link,Publish date,Keywords
Testo Stilizzato da Copiare e Incollare — Gratis,https://ultratextgen.com/assets/pinterest/it/copia-incolla.png,Scritte Aesthetic & Testo Stilizzato da Copiare ✨,,"Testo Stilizzato da Copiare e Incollare — Scrivi il tuo testo e copialo in tanti stili. Scrivi una volta e copia tutti gli stili Unicode su UltraTextGen: gratis, nel browser, senza app. Ideale per bio, nome, nick, stato e commenti.",https://ultratextgen.com/it/?utm_source=pinterest&utm_medium=social&utm_campaign=it_howto_pins&utm_content=copia-incolla,,"testo stilizzato da copiare, testo stilizzato, scritte da copiare, caratteri da copiare, copia e incolla"
Generatore di Caratteri Belli — Copia e Incolla,https://ultratextgen.com/assets/pinterest/it/generatore.png,Scritte Aesthetic & Testo Stilizzato da Copiare ✨,,"Generatore di Caratteri Belli — Converte il tuo testo in tanti caratteri all'istante. Scrivi una volta e copia tutti gli stili Unicode su UltraTextGen: gratis, nel browser, senza app. Ideale per bio, nome, nick, stato e commenti.",https://ultratextgen.com/it/?utm_source=pinterest&utm_medium=social&utm_campaign=it_howto_pins&utm_content=generatore,,"generatore di caratteri, caratteri belli, generatore di font, caratteri da copiare, testo stilizzato"
Scritte Aesthetic da Copiare e Incollare,https://ultratextgen.com/assets/pinterest/it/scritte-aesthetic.png,Scritte Aesthetic & Testo Stilizzato da Copiare ✨,,"Scritte Aesthetic da Copiare — Stile delicato con simboli carini per i tuoi social. Scrivi una volta e copia tutti gli stili Unicode su UltraTextGen: gratis, nel browser, senza app. Ideale per bio, nome, nick, stato e commenti.",https://ultratextgen.com/it/?utm_source=pinterest&utm_medium=social&utm_campaign=it_howto_pins&utm_content=scritte-aesthetic,,"scritte aesthetic, scritta stilizzata, testo aesthetic, aesthetic, testo stilizzato"
Scritte Stilizzate per Bio Instagram — Copia,https://ultratextgen.com/assets/pinterest/it/instagram-bio.png,Scritte Aesthetic & Testo Stilizzato da Copiare ✨,,"Scritte Stilizzate per Bio Instagram — Decora la bio, il nome e le storie di Instagram. Scrivi una volta e copia tutti gli stili Unicode su UltraTextGen: gratis, nel browser, senza app. Ideale per bio, nome, nick, stato e commenti.",https://ultratextgen.com/it/?utm_source=pinterest&utm_medium=social&utm_campaign=it_howto_pins&utm_content=instagram-bio,,"scritte per instagram, bio instagram aesthetic, caratteri per instagram, testo stilizzato instagram, aesthetic"
Scrittura Corsiva da Copiare e Incollare,https://ultratextgen.com/assets/pinterest/it/corsivo.png,Scritte Aesthetic & Testo Stilizzato da Copiare ✨,,"Scrittura Corsiva da Copiare — Corsivo elegante pronto da copiare e incollare. Scrivi una volta e copia tutti gli stili Unicode su UltraTextGen: gratis, nel browser, senza app. Ideale per bio, nome, nick, stato e commenti.",https://ultratextgen.com/it/?utm_source=pinterest&utm_medium=social&utm_campaign=it_howto_pins&utm_content=corsivo,,"scrittura corsiva, corsivo da copiare, lettere corsive, testo stilizzato, calligrafia"
Il Tuo Nome in Scritte Belle — Copia e Incolla,https://ultratextgen.com/assets/pinterest/it/nomi.png,Scritte Aesthetic & Testo Stilizzato da Copiare ✨,,"Il Tuo Nome in Scritte Belle — Converte il tuo nome per profili, nick e stati. Scrivi una volta e copia tutti gli stili Unicode su UltraTextGen: gratis, nel browser, senza app. Ideale per bio, nome, nick, stato e commenti.",https://ultratextgen.com/it/?utm_source=pinterest&utm_medium=social&utm_campaign=it_howto_pins&utm_content=nomi,,"nome in scritte belle, nomi stilizzati, nomi belli, testo stilizzato, nome da copiare"
Simboli da Copiare e Incollare — Decora il Testo,https://ultratextgen.com/assets/pinterest/it/simboli.png,Scritte Aesthetic & Testo Stilizzato da Copiare ✨,,"Simboli da Copiare e Incollare — Ornamenti e simboli per decorare il testo con un clic. Scrivi una volta e copia tutti gli stili Unicode su UltraTextGen: gratis, nel browser, senza app. Ideale per bio, nome, nick, stato e commenti.",https://ultratextgen.com/it/?utm_source=pinterest&utm_medium=social&utm_campaign=it_howto_pins&utm_content=simboli,,"simboli da copiare, simboli copia e incolla, caratteri speciali, simboli, testo stilizzato"
Testo Stilizzato per WhatsApp — Copia e Incolla,https://ultratextgen.com/assets/pinterest/it/whatsapp.png,Scritte Aesthetic & Testo Stilizzato da Copiare ✨,,"Testo Stilizzato per WhatsApp — Stato, nome e messaggi WhatsApp con stile. Scrivi una volta e copia tutti gli stili Unicode su UltraTextGen: gratis, nel browser, senza app. Ideale per bio, nome, nick, stato e commenti.",https://ultratextgen.com/it/?utm_source=pinterest&utm_medium=social&utm_campaign=it_howto_pins&utm_content=whatsapp,,"testo per whatsapp, stato whatsapp, scritte per whatsapp, testo stilizzato, copia e incolla"
Scrittura Gotica da Copiare e Incollare — Gratis,https://ultratextgen.com/assets/pinterest/it/gotico.png,Scritte Aesthetic & Testo Stilizzato da Copiare ✨,,"Scrittura Gotica da Copiare — Stile scuro ed elegante per nick, bio e post. Scrivi una volta e copia tutti gli stili Unicode su UltraTextGen: gratis, nel browser, senza app. Ideale per bio, nome, nick, stato e commenti.",https://ultratextgen.com/it/?utm_source=pinterest&utm_medium=social&utm_campaign=it_howto_pins&utm_content=gotico,,"scrittura gotica, lettere gotiche, carattere gotico, testo stilizzato, dark"
Scritte Stilizzate per TikTok — Nome e Bio,https://ultratextgen.com/assets/pinterest/it/tiktok.png,Scritte Aesthetic & Testo Stilizzato da Copiare ✨,,"Scritte Stilizzate per TikTok — Personalizza nome e bio su TikTok. Scrivi una volta e copia tutti gli stili Unicode su UltraTextGen: gratis, nel browser, senza app. Ideale per bio, nome, nick, stato e commenti.",https://ultratextgen.com/it/?utm_source=pinterest&utm_medium=social&utm_campaign=it_howto_pins&utm_content=tiktok,,"scritte per tiktok, caratteri tiktok, testo stilizzato tiktok, testo stilizzato, bio tiktok"
Testo in Grassetto da Copiare e Incollare,https://ultratextgen.com/assets/pinterest/it/grassetto.png,Scritte Aesthetic & Testo Stilizzato da Copiare ✨,,"Testo in Grassetto da Copiare — Grassetto che funziona su ogni social. Scrivi una volta e copia tutti gli stili Unicode su UltraTextGen: gratis, nel browser, senza app. Ideale per bio, nome, nick, stato e commenti.",https://ultratextgen.com/it/?utm_source=pinterest&utm_medium=social&utm_campaign=it_howto_pins&utm_content=grassetto,,"testo in grassetto, grassetto da copiare, scrivere in grassetto, testo stilizzato, copia e incolla"
Nickname Stilosi per i Giochi — Copia e Incolla,https://ultratextgen.com/assets/pinterest/it/nickname-gioco.png,Scritte Aesthetic & Testo Stilizzato da Copiare ✨,,"Nickname Stilosi per i Giochi — Crea il tuo nome da giocatore con stile e simboli. Scrivi una volta e copia tutti gli stili Unicode su UltraTextGen: gratis, nel browser, senza app. Ideale per bio, nome, nick, stato e commenti.",https://ultratextgen.com/it/?utm_source=pinterest&utm_medium=social&utm_campaign=it_howto_pins&utm_content=nickname-gioco,,"nickname per giochi, nomi per giochi, nickname stilosi, testo stilizzato, nick da copiare"
Frasi in Scritte Belle — Copia e Incolla,https://ultratextgen.com/assets/pinterest/it/frasi.png,Scritte Aesthetic & Testo Stilizzato da Copiare ✨,,"Frasi in Scritte Belle — Per la tua bio, gli stati e i post. Scrivi una volta e copia tutti gli stili Unicode su UltraTextGen: gratis, nel browser, senza app. Ideale per bio, nome, nick, stato e commenti.",https://ultratextgen.com/it/?utm_source=pinterest&utm_medium=social&utm_campaign=it_howto_pins&utm_content=frasi,,"frasi stilizzate, frasi per bio, frasi per stati, testo stilizzato, copia e incolla"
Testo Zalgo (Glitch) da Copiare e Incollare,https://ultratextgen.com/assets/pinterest/it/zalgo.png,Scritte Aesthetic & Testo Stilizzato da Copiare ✨,,"Testo Zalgo (Glitch) da Copiare — Testo glitch e inquietante per post e nick. Scrivi una volta e copia tutti gli stili Unicode su UltraTextGen: gratis, nel browser, senza app. Ideale per bio, nome, nick, stato e commenti.",https://ultratextgen.com/it/usecase/zalgo-text/?utm_source=pinterest&utm_medium=social&utm_campaign=it_howto_pins&utm_content=zalgo,,"testo zalgo, generatore zalgo, testo glitch, testo inquietante, testo stilizzato"
