slug,image_path,width,height,board,pin_title,pin_description,pin_keywords,pin_alt_text,destination_url,utm_destination_url
copia-incolla,assets/pinterest/it/copia-incolla.png,1000,1500,Scritte Aesthetic & Testo Stilizzato da Copiare ✨,Testo Stilizzato da Copiare e Incollare — Gratis,"Testo Stilizzato da Copiare e Incollare — Scrivi il tuo testo e copialo in tanti stili. Scrivi una volta e copia tutti gli stili Unicode su UltraTextGen: gratis, nel browser, senza app. Ideale per bio, nome, nick, stato e commenti.","testo stilizzato da copiare, testo stilizzato, scritte da copiare, caratteri da copiare, copia e incolla",Pin verticale in italiano: Testo Stilizzato da Copiare e Incollare — esempi di testo stilizzato da copiare e incollare da UltraTextGen.,https://ultratextgen.com/it/,https://ultratextgen.com/it/?utm_source=pinterest&utm_medium=social&utm_campaign=it_howto_pins&utm_content=copia-incolla
generatore,assets/pinterest/it/generatore.png,1000,1500,Scritte Aesthetic & Testo Stilizzato da Copiare ✨,Generatore di Caratteri Belli — Copia e Incolla,"Generatore di Caratteri Belli — Converte il tuo testo in tanti caratteri all'istante. Scrivi una volta e copia tutti gli stili Unicode su UltraTextGen: gratis, nel browser, senza app. Ideale per bio, nome, nick, stato e commenti.","generatore di caratteri, caratteri belli, generatore di font, caratteri da copiare, testo stilizzato",Pin verticale in italiano: Generatore di Caratteri Belli — esempi di testo stilizzato da copiare e incollare da UltraTextGen.,https://ultratextgen.com/it/,https://ultratextgen.com/it/?utm_source=pinterest&utm_medium=social&utm_campaign=it_howto_pins&utm_content=generatore
scritte-aesthetic,assets/pinterest/it/scritte-aesthetic.png,1000,1500,Scritte Aesthetic & Testo Stilizzato da Copiare ✨,Scritte Aesthetic da Copiare e Incollare,"Scritte Aesthetic da Copiare — Stile delicato con simboli carini per i tuoi social. Scrivi una volta e copia tutti gli stili Unicode su UltraTextGen: gratis, nel browser, senza app. Ideale per bio, nome, nick, stato e commenti.","scritte aesthetic, scritta stilizzata, testo aesthetic, aesthetic, testo stilizzato",Pin verticale in italiano: Scritte Aesthetic da Copiare — esempi di testo stilizzato da copiare e incollare da UltraTextGen.,https://ultratextgen.com/it/,https://ultratextgen.com/it/?utm_source=pinterest&utm_medium=social&utm_campaign=it_howto_pins&utm_content=scritte-aesthetic
instagram-bio,assets/pinterest/it/instagram-bio.png,1000,1500,Scritte Aesthetic & Testo Stilizzato da Copiare ✨,Scritte Stilizzate per Bio Instagram — Copia,"Scritte Stilizzate per Bio Instagram — Decora la bio, il nome e le storie di Instagram. Scrivi una volta e copia tutti gli stili Unicode su UltraTextGen: gratis, nel browser, senza app. Ideale per bio, nome, nick, stato e commenti.","scritte per instagram, bio instagram aesthetic, caratteri per instagram, testo stilizzato instagram, aesthetic",Pin verticale in italiano: Scritte Stilizzate per Bio Instagram — esempi di testo stilizzato da copiare e incollare da UltraTextGen.,https://ultratextgen.com/it/,https://ultratextgen.com/it/?utm_source=pinterest&utm_medium=social&utm_campaign=it_howto_pins&utm_content=instagram-bio
corsivo,assets/pinterest/it/corsivo.png,1000,1500,Scritte Aesthetic & Testo Stilizzato da Copiare ✨,Scrittura Corsiva da Copiare e Incollare,"Scrittura Corsiva da Copiare — Corsivo elegante pronto da copiare e incollare. Scrivi una volta e copia tutti gli stili Unicode su UltraTextGen: gratis, nel browser, senza app. Ideale per bio, nome, nick, stato e commenti.","scrittura corsiva, corsivo da copiare, lettere corsive, testo stilizzato, calligrafia",Pin verticale in italiano: Scrittura Corsiva da Copiare — esempi di testo stilizzato da copiare e incollare da UltraTextGen.,https://ultratextgen.com/it/,https://ultratextgen.com/it/?utm_source=pinterest&utm_medium=social&utm_campaign=it_howto_pins&utm_content=corsivo
nomi,assets/pinterest/it/nomi.png,1000,1500,Scritte Aesthetic & Testo Stilizzato da Copiare ✨,Il Tuo Nome in Scritte Belle — Copia e Incolla,"Il Tuo Nome in Scritte Belle — Converte il tuo nome per profili, nick e stati. Scrivi una volta e copia tutti gli stili Unicode su UltraTextGen: gratis, nel browser, senza app. Ideale per bio, nome, nick, stato e commenti.","nome in scritte belle, nomi stilizzati, nomi belli, testo stilizzato, nome da copiare",Pin verticale in italiano: Il Tuo Nome in Scritte Belle — esempi di testo stilizzato da copiare e incollare da UltraTextGen.,https://ultratextgen.com/it/,https://ultratextgen.com/it/?utm_source=pinterest&utm_medium=social&utm_campaign=it_howto_pins&utm_content=nomi
simboli,assets/pinterest/it/simboli.png,1000,1500,Scritte Aesthetic & Testo Stilizzato da Copiare ✨,Simboli da Copiare e Incollare — Decora il Testo,"Simboli da Copiare e Incollare — Ornamenti e simboli per decorare il testo con un clic. Scrivi una volta e copia tutti gli stili Unicode su UltraTextGen: gratis, nel browser, senza app. Ideale per bio, nome, nick, stato e commenti.","simboli da copiare, simboli copia e incolla, caratteri speciali, simboli, testo stilizzato",Pin verticale in italiano: Simboli da Copiare e Incollare — esempi di testo stilizzato da copiare e incollare da UltraTextGen.,https://ultratextgen.com/it/,https://ultratextgen.com/it/?utm_source=pinterest&utm_medium=social&utm_campaign=it_howto_pins&utm_content=simboli
whatsapp,assets/pinterest/it/whatsapp.png,1000,1500,Scritte Aesthetic & Testo Stilizzato da Copiare ✨,Testo Stilizzato per WhatsApp — Copia e Incolla,"Testo Stilizzato per WhatsApp — Stato, nome e messaggi WhatsApp con stile. Scrivi una volta e copia tutti gli stili Unicode su UltraTextGen: gratis, nel browser, senza app. Ideale per bio, nome, nick, stato e commenti.","testo per whatsapp, stato whatsapp, scritte per whatsapp, testo stilizzato, copia e incolla",Pin verticale in italiano: Testo Stilizzato per WhatsApp — esempi di testo stilizzato da copiare e incollare da UltraTextGen.,https://ultratextgen.com/it/,https://ultratextgen.com/it/?utm_source=pinterest&utm_medium=social&utm_campaign=it_howto_pins&utm_content=whatsapp
gotico,assets/pinterest/it/gotico.png,1000,1500,Scritte Aesthetic & Testo Stilizzato da Copiare ✨,Scrittura Gotica da Copiare e Incollare — Gratis,"Scrittura Gotica da Copiare — Stile scuro ed elegante per nick, bio e post. Scrivi una volta e copia tutti gli stili Unicode su UltraTextGen: gratis, nel browser, senza app. Ideale per bio, nome, nick, stato e commenti.","scrittura gotica, lettere gotiche, carattere gotico, testo stilizzato, dark",Pin verticale in italiano: Scrittura Gotica da Copiare — esempi di testo stilizzato da copiare e incollare da UltraTextGen.,https://ultratextgen.com/it/,https://ultratextgen.com/it/?utm_source=pinterest&utm_medium=social&utm_campaign=it_howto_pins&utm_content=gotico
tiktok,assets/pinterest/it/tiktok.png,1000,1500,Scritte Aesthetic & Testo Stilizzato da Copiare ✨,Scritte Stilizzate per TikTok — Nome e Bio,"Scritte Stilizzate per TikTok — Personalizza nome e bio su TikTok. Scrivi una volta e copia tutti gli stili Unicode su UltraTextGen: gratis, nel browser, senza app. Ideale per bio, nome, nick, stato e commenti.","scritte per tiktok, caratteri tiktok, testo stilizzato tiktok, testo stilizzato, bio tiktok",Pin verticale in italiano: Scritte Stilizzate per TikTok — esempi di testo stilizzato da copiare e incollare da UltraTextGen.,https://ultratextgen.com/it/,https://ultratextgen.com/it/?utm_source=pinterest&utm_medium=social&utm_campaign=it_howto_pins&utm_content=tiktok
grassetto,assets/pinterest/it/grassetto.png,1000,1500,Scritte Aesthetic & Testo Stilizzato da Copiare ✨,Testo in Grassetto da Copiare e Incollare,"Testo in Grassetto da Copiare — Grassetto che funziona su ogni social. Scrivi una volta e copia tutti gli stili Unicode su UltraTextGen: gratis, nel browser, senza app. Ideale per bio, nome, nick, stato e commenti.","testo in grassetto, grassetto da copiare, scrivere in grassetto, testo stilizzato, copia e incolla",Pin verticale in italiano: Testo in Grassetto da Copiare — esempi di testo stilizzato da copiare e incollare da UltraTextGen.,https://ultratextgen.com/it/,https://ultratextgen.com/it/?utm_source=pinterest&utm_medium=social&utm_campaign=it_howto_pins&utm_content=grassetto
nickname-gioco,assets/pinterest/it/nickname-gioco.png,1000,1500,Scritte Aesthetic & Testo Stilizzato da Copiare ✨,Nickname Stilosi per i Giochi — Copia e Incolla,"Nickname Stilosi per i Giochi — Crea il tuo nome da giocatore con stile e simboli. Scrivi una volta e copia tutti gli stili Unicode su UltraTextGen: gratis, nel browser, senza app. Ideale per bio, nome, nick, stato e commenti.","nickname per giochi, nomi per giochi, nickname stilosi, testo stilizzato, nick da copiare",Pin verticale in italiano: Nickname Stilosi per i Giochi — esempi di testo stilizzato da copiare e incollare da UltraTextGen.,https://ultratextgen.com/it/,https://ultratextgen.com/it/?utm_source=pinterest&utm_medium=social&utm_campaign=it_howto_pins&utm_content=nickname-gioco
frasi,assets/pinterest/it/frasi.png,1000,1500,Scritte Aesthetic & Testo Stilizzato da Copiare ✨,Frasi in Scritte Belle — Copia e Incolla,"Frasi in Scritte Belle — Per la tua bio, gli stati e i post. Scrivi una volta e copia tutti gli stili Unicode su UltraTextGen: gratis, nel browser, senza app. Ideale per bio, nome, nick, stato e commenti.","frasi stilizzate, frasi per bio, frasi per stati, testo stilizzato, copia e incolla",Pin verticale in italiano: Frasi in Scritte Belle — esempi di testo stilizzato da copiare e incollare da UltraTextGen.,https://ultratextgen.com/it/,https://ultratextgen.com/it/?utm_source=pinterest&utm_medium=social&utm_campaign=it_howto_pins&utm_content=frasi
zalgo,assets/pinterest/it/zalgo.png,1000,1500,Scritte Aesthetic & Testo Stilizzato da Copiare ✨,Testo Zalgo (Glitch) da Copiare e Incollare,"Testo Zalgo (Glitch) da Copiare — Testo glitch e inquietante per post e nick. Scrivi una volta e copia tutti gli stili Unicode su UltraTextGen: gratis, nel browser, senza app. Ideale per bio, nome, nick, stato e commenti.","testo zalgo, generatore zalgo, testo glitch, testo inquietante, testo stilizzato",Pin verticale in italiano: Testo Zalgo (Glitch) da Copiare — esempi di testo stilizzato da copiare e incollare da UltraTextGen.,https://ultratextgen.com/it/usecase/zalgo-text/,https://ultratextgen.com/it/usecase/zalgo-text/?utm_source=pinterest&utm_medium=social&utm_campaign=it_howto_pins&utm_content=zalgo
