Title,Media URL,Pinterest board,Thumbnail,Description,Link,Publish date,Keywords
Yellow & Red Card Emoji for Football Fans,https://ultratextgen.com/assets/pinterest/library-card-emoji-soccer.png,World Cup & Football Emoji Combos,,"Copy and paste Yellow & Red Card Emoji for football captions, tournament posts, fan bios and match reactions. Free on UltraTextGen.",https://ultratextgen.com/library/card-emoji-soccer/?utm_source=pinterest&utm_medium=social&utm_campaign=world_cup_football_pins&utm_content=library-card-emoji-soccer,,"yellow & red card emoji, copy paste, world cup emojis, football emojis, ultratextgen"
Football Emoji Copy Paste for Football Fans,https://ultratextgen.com/assets/pinterest/library-football-emoji-copy-paste.png,World Cup & Football Emoji Combos,,"Copy and paste Football Emoji Copy Paste for football captions, tournament posts, fan bios and match reactions. Free on UltraTextGen.",https://ultratextgen.com/library/football-emoji-copy-paste/?utm_source=pinterest&utm_medium=social&utm_campaign=world_cup_football_pins&utm_content=library-football-emoji-copy-paste,,"football emoji copy paste, copy paste, world cup emojis, football emojis, ultratextgen"
Football Reaction Emojis for Football Fans,https://ultratextgen.com/assets/pinterest/library-football-reaction-emojis.png,World Cup & Football Emoji Combos,,"Copy and paste Football Reaction Emojis for football captions, tournament posts, fan bios and match reactions. Free on UltraTextGen.",https://ultratextgen.com/library/football-reaction-emojis/?utm_source=pinterest&utm_medium=social&utm_campaign=world_cup_football_pins&utm_content=library-football-reaction-emojis,,"football reaction emojis, copy paste, world cup emojis, football emojis, ultratextgen"
Football Trophy Emoji for Football Fans,https://ultratextgen.com/assets/pinterest/library-football-trophy-emoji.png,World Cup & Football Emoji Combos,,"Copy and paste Football Trophy Emoji for football captions, tournament posts, fan bios and match reactions. Free on UltraTextGen.",https://ultratextgen.com/library/football-trophy-emoji/?utm_source=pinterest&utm_medium=social&utm_campaign=world_cup_football_pins&utm_content=library-football-trophy-emoji,,"football trophy emoji, copy paste, world cup emojis, football emojis, ultratextgen"
Goal Emoji Combos for Football Fans,https://ultratextgen.com/assets/pinterest/library-goal-emoji-combos.png,World Cup & Football Emoji Combos,,"Copy and paste Goal Emoji Combos for football captions, tournament posts, fan bios and match reactions. Free on UltraTextGen.",https://ultratextgen.com/library/goal-emoji-combos/?utm_source=pinterest&utm_medium=social&utm_campaign=world_cup_football_pins&utm_content=library-goal-emoji-combos,,"goal emoji combos, copy paste, world cup emojis, football emojis, ultratextgen"
GOAT Emoji Combos for Football Fans,https://ultratextgen.com/assets/pinterest/library-goat-emoji-combos.png,World Cup & Football Emoji Combos,,"Copy and paste GOAT Emoji Combos for football captions, tournament posts, fan bios and match reactions. Free on UltraTextGen.",https://ultratextgen.com/library/goat-emoji-combos/?utm_source=pinterest&utm_medium=social&utm_campaign=world_cup_football_pins&utm_content=library-goat-emoji-combos,,"goat emoji combos, copy paste, world cup emojis, football emojis, ultratextgen"
Guess the Soccer Player by Emoji for Football Fans,https://ultratextgen.com/assets/pinterest/library-guess-soccer-player-by-emoji.png,World Cup & Football Emoji Combos,,"Copy and paste Guess the Soccer Player by Emoji for football captions, tournament posts, fan bios and match reactions. Free on UltraTextGen.",https://ultratextgen.com/library/guess-soccer-player-by-emoji/?utm_source=pinterest&utm_medium=social&utm_campaign=world_cup_football_pins&utm_content=library-guess-soccer-player-by-emoji,,"guess the soccer player by emoji, copy paste, world cup emojis, football emojis, ultratextgen"
Guess the Soccer Team by Emoji for Football Fans,https://ultratextgen.com/assets/pinterest/library-guess-soccer-team-by-emoji.png,World Cup & Football Emoji Combos,,"Copy and paste Guess the Soccer Team by Emoji for football captions, tournament posts, fan bios and match reactions. Free on UltraTextGen.",https://ultratextgen.com/library/guess-soccer-team-by-emoji/?utm_source=pinterest&utm_medium=social&utm_campaign=world_cup_football_pins&utm_content=library-guess-soccer-team-by-emoji,,"guess the soccer team by emoji, copy paste, world cup emojis, football emojis, ultratextgen"
Soccer Emoji Copy Paste for Football Fans,https://ultratextgen.com/assets/pinterest/library-soccer-emoji-copy-paste.png,World Cup & Football Emoji Combos,,"Copy and paste Soccer Emoji Copy Paste for football captions, tournament posts, fan bios and match reactions. Free on UltraTextGen.",https://ultratextgen.com/library/soccer-emoji-copy-paste/?utm_source=pinterest&utm_medium=social&utm_campaign=world_cup_football_pins&utm_content=library-soccer-emoji-copy-paste,,"soccer emoji copy paste, copy paste, world cup emojis, football emojis, ultratextgen"
Sports Emojis for Football Fans,https://ultratextgen.com/assets/pinterest/library-sports-emojis.png,World Cup & Football Emoji Combos,,"Copy and paste Sports Emojis for football captions, tournament posts, fan bios and match reactions. Free on UltraTextGen.",https://ultratextgen.com/library/sports-emojis/?utm_source=pinterest&utm_medium=social&utm_campaign=world_cup_football_pins&utm_content=library-sports-emojis,,"sports emojis, copy paste, world cup emojis, football emojis, ultratextgen"
World Cup Emoji Combos for Football Fans,https://ultratextgen.com/assets/pinterest/library-world-cup-emoji-combos.png,World Cup & Football Emoji Combos,,"Copy and paste World Cup Emoji Combos for football captions, tournament posts, fan bios and match reactions. Free on UltraTextGen.",https://ultratextgen.com/library/world-cup-emoji-combos/?utm_source=pinterest&utm_medium=social&utm_campaign=world_cup_football_pins&utm_content=library-world-cup-emoji-combos,,"world cup emoji combos, copy paste, world cup emojis, football emojis, ultratextgen"
Football & World Cup Fonts for Football Fans,https://ultratextgen.com/assets/pinterest/usecase-football-font.png,World Cup & Football Emoji Combos,,"Copy and paste Football & World Cup Fonts for football captions, tournament posts, fan bios and match reactions. Free on UltraTextGen.",https://ultratextgen.com/usecase/football-font/?utm_source=pinterest&utm_medium=social&utm_campaign=world_cup_football_pins&utm_content=usecase-football-font,,"football & world cup fonts, copy paste, world cup emojis, football emojis, ultratextgen"
